playlist_name,playlist_id,playlist_genre,playlist_subgenre
Pop Remix,37i9dQZF1DXcZDD7cfEKhW,pop,dance pop
Dance Pop,37i9dQZF1DWZQaaqNMbbXa,pop,dance pop
Dance Room,37i9dQZF1DX2ENAPP1Tyed,pop,dance pop
Cardio,37i9dQZF1DWSJHnPb1f0X3,pop,dance pop
Dance Pop Hits,37i9dQZF1DX6pH08wMhkaI,pop,dance pop
Pop Warmup 130 BPM,37i9dQZF1DX3PIAZMcbo2T,pop,dance pop
Dance Pop: Japan,37i9dQZF1DXahYFr91pFvG,pop,dance pop
K-Party Dance Mix,37i9dQZF1DX4RDXswvP6Mj,pop,dance pop
Dance Pop,0B2HdP15IucgE0vk3sluJR,pop,dance pop
Dance Pop Tunes,4SdfG4cPG3skmTiQLozZGh,pop,dance pop
Pop / Dance,6mXh8CUBMBsBUu88a4eAQV,pop,dance pop
Todo √âxitos,2ji5tRQVfnhaX1w9FhmSzk,pop,dance pop
90s Dance Hits,50cXvxgMGrvoUeLhkzCyIO,pop,dance pop
Christian Dance Party,37i9dQZF1DWUUPO0Sbx2CM,pop,dance pop
Pop Dance Hits,7eERKCkgNKCCx5GYdeMIZf,pop,dance pop
Best of 2019 Dance Pop: Japan,37i9dQZF1DXdOtZGKonFlM,pop,dance pop
Ultimate Indie Presents... Best Indie Tracks of the 2010s,37i9dQZF1DWTHM4kX49UKs,pop,dance pop
TUNES DANCE AND POP,3arpkhoRWXEYbdCpVAIrRR,pop,dance pop
Pop Ingl√©s (2020 - 2010s)üíô M√∫sica En Ingl√©s 2010s,4QAzO1Z92yqqD6Mf3mOANu,pop,dance pop
ELETRIC POP & DANCE,7316uT3vVzTidCI8cinBUv,pop,dance pop
Pop - Pop UK - 2019 - Canadian Pop - 2019 - Pop,46Cl6dmeiylK6TRGXr7hHe,pop,post-teen pop
The Sound of Post-Teen Pop,10FCW9lj0NdeoYI5VVvVtY,pop,post-teen pop
Post teen pop,7jQHOrErpLMStcUUSavQWR,pop,post-teen pop
"post-teen alternative, indie, pop (large variety)",1y42gwI5cuwjBslPyQNfqb,pop,post-teen pop
Pop Punk | Post-Hardcore,1YgWQAs1s77NzieIH4ARKn,pop,post-teen pop
Post pop teen,222nc9tKxKhfZ2GBrOpwH3,pop,post-teen pop
Intro to Post-Teen Pop,6o6MNYZqHSkMAKcCHPNu7K,pop,post-teen pop
ü§©ü§™Post Teen Popü§™ü§©,6IT8LGpwLw3Pt2XnVUBN7j,pop,post-teen pop
Someone You Loved Lewis Capaldi (Pop Music Mix),6IErGHjBfhey8URq0mFnPi,pop,post-teen pop
Dr. Q's Prescription Playlistüíä,6jAPdgY9XmxC9cgkXAVmVv,pop,post-teen pop
a taste of the mainstream,4gbXqmZDUFHqlaYjf4uVyS,pop,post-teen pop
post teen pop,2ltt5ouiEO301o2jbxn30d,pop,post-teen pop
BALLARE - ÿ±ŸÇÿµ,1CMvQ4Yr5DlYvYzI0Vc2UE,pop,post-teen pop
Post Teen Pop,2Aud8PXoTGcyY5esHu4Aaz,pop,post-teen pop
post teen pop,45AKTTGQEfYgAyidW5hucn,pop,post-teen pop
post teen pop,6rjxP7GQKoqqgoakzxl3PY,pop,post-teen pop
Post-Teen Pop,6HprqD6WZMx5peClrxaprN,pop,post-teen pop
post teen pop,3kvwJXPULhSUalL6ykJbn5,pop,post-teen pop
Post-teen pop,2KyjkYsSsC1UR75b0m98vd,pop,post-teen pop
post-teen pop,4TvZA7Pml7mHLgbwNomlnm,pop,post-teen pop
Electro Pop | Electropop,2a5i2ZtEXGKwVGL16J8N0p,pop,electropop
Electropop Hits  2017-2020,7kyvBmlc1uSqsTL0EuNLrx,pop,electropop
Electropop 2019,4Bi8VLtaSu0JILliif8lH6,pop,electropop
ELECTROPOP,2UsEj2GUukV0GLbsE3rldz,pop,electropop
This Is: Javiera Mena,37i9dQZF1DWSOvcBNdfJ87,pop,electropop
ElectroPop 2020,4frhr6RQM2fMOm2mpvOVo6,pop,electropop
Electropop - Pop,5TiiHps0hNCyQ6ijVkNZQs,pop,electropop
This Is Janelle Mon√°e,37i9dQZF1DWVT93EW7kPT9,pop,electropop
ELECTROPOPüêπ,44p8nNLe4fGfUeArS3MaIX,pop,electropop
Electropop 80/90s,3FBD3d5zl74LaoBMVC4IXq,pop,electropop
Electropop,2Z5cPJ6Z4EVZAfF08amjvL,pop,electropop
Electropop And Play,7p30DzTAgW6OhspSXHTI88,pop,electropop
Mix ElectroPop//ElectroHouse// DeepHouse 2020,23swqzpOZwW1NhPiZ7iyFI,pop,electropop
ELECTROPOP EN ESPA√ëOL,3VfscqF7zq65IGKiYM3FS0,pop,electropop
"Maxi Pop  GOLD (New Wave, Electropop, Synth Pop...)",2nRWtTI9a2LWjJ9Wy3JZs5,pop,electropop
Gothic / Industrial / Mittelalter / EBM / Futurepop / Gothik / Electropop,53CmFroG6MWR5reOOXJX6B,pop,electropop
80's Songs | Top üíØ 80s Music Hits,65HtIbyFkaQPflCa4oW8KO,pop,electropop
GTA V - Radio Mirror Park,31R7Gd07KsDafqJEeL4Hqr,pop,electropop
ElectroPop,0cuHKz65ZPqBX1brG8djlg,pop,electropop
10er Playlist,1kEczIkZH8IgaWT2BiApxZ,pop,electropop
"Indie Poptimism (PUBLIC, The Band CAMINO, lovelytheband)",69yb02k0ZOmukYaxJXwp76,pop,indie poptimism
Chillout & Remixes üíú,4NlAd9NpIa92IjErMyAriM,pop,indie poptimism
POPTIMISM,6lWMi4lPiiPwDqn8ZpeyAY,pop,indie poptimism
The Sound of Indie Poptimism,7nHgmv7uyIA1KHj6qTttjH,pop,indie poptimism
Indie/Jazz Poptimism,6OaTudLqBEuTyUMPxRNpZc,pop,indie poptimism
The Edge of Indie Poptimism,5vIdb67lQcdFwoVkE4UMep,pop,indie poptimism
2019 in Indie Poptimism,16RNbqnNCCLlBJti7JU5nc,pop,indie poptimism
Indie Poptimism,1pZWCY50kMUhshcESknir8,pop,indie poptimism
A Loose Definition of Indie Poptimism,4ZO0wp9G8FA3X6oYNBzda6,pop,indie poptimism
Intro to Indie Poptimism,6Ylmweq4pT7j3ScIv5uq1c,pop,indie poptimism
indie poptimismüï∫üèª,6MQeEHHDs6HQkN5Dlj3oKo,pop,indie poptimism
The Pulse of Indie Poptimism,5qFXOOxrQVyS4UCq3UilZN,pop,indie poptimism
random playlist that can't decide its genre so go ahead jam along with these catchy tunes,49qyKvg6UAQAvIMUIGMnP3,pop,indie poptimism
Indie Poptimism,7Ic1UwucK3ozdycPBIPVSR,pop,indie poptimism
Indie Poptimism!,4hKPJNFIhdAg4pAksn78FJ,pop,indie poptimism
indie poptimism,1E5VdGGWkpDQ682gdvJAZH,pop,indie poptimism
Indie Poptimism,2QiMewRbSavfZ9MSAYz2h6,pop,indie poptimism
Music&Other Drugs,5jROYSZSL7cO0jGAqkPx7C,pop,indie poptimism
Deep-deep Bubble Pop,744VClUYfFnZCDPcOUkg5G,pop,indie poptimism
Indie Poptimism,21nxmipQe5xtXoHHPaYfnY,pop,indie poptimism
RapCaviar,37i9dQZF1DX0XUsuxWHRQd,rap,hip hop
Jazz Vibes,37i9dQZF1DX0SM0LYsmbMT,rap,hip hop
Lush Lofi,37i9dQZF1DXc8kgYqQLMfH,rap,hip hop
RAP 91,37i9dQZF1DX1ct2TQrAvRf,rap,hip hop
Lo-Fi Beats,37i9dQZF1DWWQRwui0ExPn,rap,hip hop
Hip-Hop Central,37i9dQZF1DWY6tYEFs22tT,rap,hip hop
Generacja Hip Hop,37i9dQZF1DWXJnyndhASBe,rap,hip hop
Hip-Hop Drive,37i9dQZF1DWUFmyho2wkQU,rap,hip hop
Hip Hop Controller,37i9dQZF1DWT5MrZnPU1zD,rap,hip hop
Hip-Hop Favourites,37i9dQZF1DX48TTZL62Yht,rap,hip hop
A1 Hip-Hop,37i9dQZF1DX0sDai2F5jCQ,rap,hip hop
Hip-Hop Mixtape,37i9dQZF1DWVdgXTbYm2r0,rap,hip hop
DK rap,37i9dQZF1DXdhDukKQ88Cc,rap,hip hop
This Is Logic,37i9dQZF1DWTIuAboZgTMf,rap,hip hop
Lofi Hip-Hop,37i9dQZF1DX36Xw4IJIVKA,rap,hip hop
Rap Workout,37i9dQZF1DX76t638V6CA8,rap,hip hop
Alternative Hip Hop,37i9dQZF1DWTggY0yqBxES,rap,hip hop
Modus Mio,37i9dQZF1DX36edUJpD76c,rap,hip hop
Hip Te Hop,37i9dQZF1DWTqYqGLu7kTX,rap,hip hop
Arena Hip-Hop,37i9dQZF1DWVFZbCNivv6B,rap,hip hop
Southern Hip Hop,4lcyWQDOzPfcbZrcBI3FOW,rap,southern hip hop
Southern California Hip Hop Primer,206vi9Q0p3juAU73flxPsz,rap,southern hip hop
Dirty South Rap Classics by DJ HOTSAUCE,0tLHH1C4HkWEUCXXSSjbOe,rap,southern hip hop
90's Southern Hip Hop,2NMW1nwQYSVlXd26uLenX6,rap,southern hip hop
90s-2000s Southern Hip Hop / Crunk,5wsWBmQgDtKa8CEg7wTEMi,rap,southern hip hop
Viral Southern Hip Hop,0DdGqNa18DwYyfIR05OrW1,rap,southern hip hop
‚ó§ Hip Hop Dance Music ‚Äì Urban ‚Äì Trap ‚Äì Breaking Locking Popping Bopping ‚Äì WOD ‚Äì World of Dance,0Hr2h94pKN8QAGVAgD6BsD,rap,southern hip hop
Badass Rock,44bkJI1QGkT2O0GYJSsbkp,rap,southern hip hop
The Sound of Southern Hip Hop,18jT9NMRZifv6cMtK2jWD4,rap,southern hip hop
Southern Soul BBQ Mix,3nTS97zUqxJBQeiXNRs963,rap,southern hip hop
"üî•üíµ Hip Hop, Rap, Heavy 808's - New School",3jPkaExIWXQWklcmmF5180,rap,southern hip hop
Minitruckin Playlist,0VVH2Nzj6kBVGK3WIUQMAw,rap,southern hip hop
Hip-Hop 'n RnB,0275i1VNfBnsNbPl0QIBpG,rap,southern hip hop
90's Hip Hop Ultimate Collection,4IG024zoaGMurhTFBkMAv9,rap,southern hip hop
HIP&HOP,5DyJsJZOpMJh34WvUrQzMV,rap,southern hip hop
Southern Hip Hop,3R5c1OfJY7Rzl3p28pzGtL,rap,southern hip hop
Contemporary Hip Hop,68y3WoFJMMKDHUIpqCnoM3,rap,southern hip hop
3rd Coast Classics,1QJ66s6YBZgxMUaVUyrhbo,rap,southern hip hop
Southern Hip Hop,57sYMLFXGD4ZqizzcMD7lz,rap,southern hip hop
Southern soul & hip hop,4xJULuV0P5PLcMe3xP8Pgj,rap,southern hip hop
Gangster Rap,5joQabz9ys3XPGbSx5CaKv,rap,gangster rap
Gangster Rap Workout,0ZRwrJ2EDGyKR6YgQPWXeO,rap,gangster rap
Russian Gangster Rap,0u0qLLE8MZc679RZWCk1TT,rap,gangster rap
Gangster Rap | 100 % Gangster,2e0d7otcM1oyecfi3zZPWk,rap,gangster rap
Gangsta Rap/90's Hip-Hop,39IFMVQdRNdb7kVfyTvHjM,rap,gangster rap
Gangster Rap Deutsch,1qXg9ck25tBRxeXsj8mbDG,rap,gangster rap
GTA San Andreas Radio Los Santos,6m0BqpJfSP2m5xCOFjDRHw,rap,gangster rap
90s Hiphop / Gangsta Rap,5yGuoOwRQF3o8NVRRlvCj7,rap,gangster rap
Gangsta Rap üíé Rap Party,0BwUQpqHSlC2YfKwOp2dQV,rap,gangster rap
Oldschool Gangsta Rap üëë,0t9TeyXE2mWe70JT3YwSoH,rap,gangster rap
GANGSTA Rap,5GA8GDo7RQC3JEanT81B3g,rap,gangster rap
90's Gangster Rap,1g3APxk2mLVNU2TuHCPli0,rap,gangster rap
RAP Gangsta,1Z1gW89x4MSBjkvVjGg7DQ,rap,gangster rap
RUSSIAN Gangster Rap,0Jw0HckkxCfIrOvpN081eV,rap,gangster rap
Gangsta Rap/90's Hip-Hop,62spXXfUxBed8nbd5xvH2O,rap,gangster rap
GANGSTA RAP,3DUkl93JjPdOyX83SJr5ms,rap,gangster rap
90s Gangsta Rap / Top Hip-hop Classics,0C2zyPdlkbWHrwVg9gqNdU,rap,gangster rap
Mexican Gangsta Rap,28Ke4pXWqF2A5b2GfQ1pQt,rap,gangster rap
Rap Party 24/7 Radio / Gangsta Rap,4sGnz2x5tbHE2YlW1nemfb,rap,gangster rap
< DARK TRAP >,19WuHd4MxWLzE1fpMmw4S4,rap,gangster rap
Zona Trap,37i9dQZF1DWXU2naFUn37x,rap,trap
Trapperz Brasil,37i9dQZF1DWWr5uieiPUVM,rap,trap
Trap Land,37i9dQZF1DXde9tuMHuIsj,rap,trap
Trap strefa,37i9dQZF1DWY3UKS6jvnxr,rap,trap
Trapperz,37i9dQZF1DWUmxBdWX3Pp4,rap,trap
Trap Nation,0NCspsyf0OS4BsPgGhkQXM,rap,trap
Flow Selecto,37i9dQZF1DX4OjfOteYnH8,rap,trap
Trapperz Argentina,37i9dQZF1DWXrVH01e3PIE,rap,trap
Trap Mojito,37i9dQZF1DX1OIMC8iDi74,rap,trap
Trap Ouro,37i9dQZF1DWYBXtbGSCurj,rap,trap
Trap Funk,37i9dQZF1DWTGaQ84g8alz,rap,trap
Trap Rewind,37i9dQZF1DX0JcH25923HT,rap,trap
Arabic Trap,37i9dQZF1DXcC6YLqj8ET8,rap,trap
Sad Trap,7kzKtw5vug3IIxKfLadi8A,rap,trap
Dose Trap,37i9dQZF1DWWlW7KLhEhCZ,rap,trap
Trap Nation üîä,5aPwKjwNHr6dnCejLcPTVx,rap,trap
Trap Argentino - Trap Argentina,6ltss0ThreZ3uIMn5mr4Tm,rap,trap
Trap Luv,37i9dQZF1DWTLxOkM7PwUb,rap,trap
Trap 2020 üî•,37DFLy7lqF3qiR99Ss2ZGR,rap,trap
Trap Americana,7tkgK1tm9hYkWp7EFyOcAr,rap,trap
This Is Guns N' Roses,37i9dQZF1DX74DnfGTwugU,rock,album rock
Michael Learns To Rock album,22XKr7O6bzSA5bHiwRCPNK,rock,album rock
The Black Album,0KNLLunbFh9XgitPMOGmQg,rock,album rock
City Pop 1985 „Ç∑„ÉÜ„Ç£„Éº„Éù„ÉÉ„Éó,3j2osvmecEao5nmo9jZ5df,rock,album rock
The Cranberries Best Of,4E3K9oQgvLcKEz0wgBBXxD,rock,album rock
Vault: Def Leppard Greatest Hits,6BKqPGcrFMy6TczW0R5Vsz,rock,album rock
80s Pop & Rock Hits and Album Tracks,0XOIK4m26aeYSD61E5nSVW,rock,album rock
Rock and Rios,2gpKfzXEi8QWvgBNPDPk5R,rock,album rock
Progressive Rock / Metal - Rock /Metal  Progresivo,7GhTpb4eOp6403Bmgqz3db,rock,album rock
Mega Rock Ballads: The Best Slow Rock Compilation Ever !,6LJtRKgDpzM8ZbbwC0jLhe,rock,album rock
House Of The Rising Sun,1bMYfBHYBCRHY5LGkjlpSy,rock,album rock
Coldplay ‚Äì Ghost Stories (Deluxe Edition),6h9DHd1pHHiK84cQqJZyIp,rock,album rock
70s Pop & Rock Hits and Deep Tracks,1uKFRCQYci8kVgMy3xzTVH,rock,album rock
L' ALBUM ROCK,0jilq2XZP9F2fwzp2k6iXK,rock,album rock
ONE OK ROCK with Orchestra Japan Tour 2018 Setlist,2gt9IfM8ASNiDzqg5jKyR5,rock,album rock
The Queen - La Discografia Completa,3E88dLx4fgFYY70gdGzdnB,rock,album rock
Soda Stereo ‚Äì El Ultimo Concierto,3opIxv3Y5GmXDNpbLFZxIm,rock,album rock
Nikki Sixx's Top Pixx,5d1arTPDEr76KMg9geDinZ,rock,album rock
The Sound of Album Rock,3yj9YnQGTdnFuKbDyXGDi6,rock,album rock
Caifanes La Historia,3kysJw7lvVwSoOaL0KyW94,rock,album rock
Rock Classics,37i9dQZF1DWXRqgorJj26U,rock,classic rock
Classic Rock,5BygwTQ3OrbiwVsQhXFHMz,rock,classic rock
Classic Rock Drive,37i9dQZF1DXdOEFt9ZX0dh,rock,classic rock
Classic Rock Workout,37i9dQZF1DWYNSm3Z3MxiM,rock,classic rock
Pinoy Classic Rock,37i9dQZF1DWYDQ8wBxd7xt,rock,classic rock
Classic Rock Now,37i9dQZF1DX0fWtUuB7bFE,rock,classic rock
Soft Rock Drive,37i9dQZF1DX6TIU4D13lOY,rock,classic rock
Supernatural Classic Rock,6oghIlByD49KFGNmNU8GSH,rock,classic rock
Classic Rock Legends,3NcxM1LJJdua8AcRxtijNY,rock,classic rock
"Classic Rock 70s 80s 90s, Rock Classics - 70s Rock, 80s Rock, 90s Rock Rock  Classicos",3Ho3iO0iJykgEQNbjB2sic,rock,classic rock
Southern Rock/Classic Rock,0QUlq0LMDVXSBtbyYLTyZh,rock,classic rock
80s / Classic Rock,29dTrOurPDrMcrnio2q6hZ,rock,classic rock
Afro Psychedelica,37i9dQZF1DWVyizF9BJ61m,rock,classic rock
Classic Rock Retrogamer,6gUFdcGzKAHyDXY9TKC6cP,rock,classic rock
Workday: Rock Classics,37i9dQZF1DX1lwxXvReaux,rock,classic rock
Classic Rock Greatest Hits,6TeyryiZ2UEf3CbLXyztFA,rock,classic rock
Blues Rock,56dbowk1V5ycS5jW7DSvi5,rock,classic rock
70's Classic Rock,76lrxCrKrGDkDDf3SVPnl3,rock,classic rock
Classic Rock Radio,4lIywN6kXl9KPm3OQ8u8G7,rock,classic rock
Classic Rock Playlist.,7CESj1xKbxdArRzloygvkl,rock,classic rock
The Sound of Permanent Wave,4EYSGTuqe9cVfSVpX4gtGv,rock,permanent wave
Permanent wave,0tOy7ZY4E2PadXIyj8zU43,rock,permanent wave
"Muse Radio - (Uprising, Starlight, Supermassive Black Hole, Madness)",0dAbaJtkS9st5o0cBe1Zcu,rock,permanent wave
Permanent Wave,5Go0Jsxj1UnsU7Om841BEo,rock,permanent wave
Permanent Wave,2ExyzXAbukW7I8bDqdGvPB,rock,permanent wave
Permanent wave üåä,0QN4FeJQ1mpCygRg9r2JIK,rock,permanent wave
permanent wave,7rPsfDTqiZYIT4PVzQ4c0c,rock,permanent wave
keg party jukebox,4PjiT7SWnUsTTTvKOuR76f,rock,permanent wave
Permanent Wave,5glAD13obyL0G9SH9ukBz2,rock,permanent wave
Intro to Permanent Wave,3QGjcvI9hCZw81NqKq3ZGv,rock,permanent wave
Permanent Wave,6dqoVI7qwYLyNqbg0MPad3,rock,permanent wave
Permanent Wave CHDB,2foj4ZYVHRGqSd1aMqNPBj,rock,permanent wave
‚ë°‚ì™‚ë†‚ë® mixed,2bOjjgN1S3Gqd8vSMyafvJ,rock,permanent wave
SNZB PERMANENT WAVE,6CgjYkPIWTxJi8RtPcki02,rock,permanent wave
I didn‚Äôt know perm stood for permanent (wave),3e6gYPyrTbaB8BWgSHCt5j,rock,permanent wave
permanent wave,3uFyGoayrP71xS6T6Y8Bh2,rock,permanent wave
Modern Indie Rock // Alternative Rock / Garage Rock / Pop Punk / Grunge / Britpop / Pop Rock,1VnvyBDqoV5TCZAnXYferL,rock,permanent wave
Permanent Wave Cafe,0VS9w0NY4KXfLORkhY81s8,rock,permanent wave
"""Permanent Wave""",3HjTMn6O6adW8vcSMnqmhw,rock,permanent wave
Permanent Wave,03qQtbNHoJuFezRu2CnLuF,rock,permanent wave
Rock Hard,37i9dQZF1DWWJOmJ7nRx0C,rock,hard rock
Hard Rock,37i9dQZF1DX1X7WV84927n,rock,hard rock
‚Äô80s Hard Rock,37i9dQZF1DX68H8ZujdnN7,rock,hard rock
Hard Rock Workout,3YouF0u7waJnolytf9JCXf,rock,hard rock
Hard Rock Workout,5nOO372uzpOM5rB2bRWfkp,rock,hard rock
This Is Scorpions,37i9dQZF1DWViGKI2U5P2K,rock,hard rock
HARD ROCK CAFE,55ybnG2z8rpTIerRfnCsw6,rock,hard rock
Hard Rock Cafe Classics,3sv5ViKoPDNnZRsklzEGMN,rock,hard rock
Hard Rock Workout,6kXNv8J3HCYztxjOIUzApv,rock,hard rock
Hard Rock Workout!,5nQrMpkyWmxPX0gk74htMk,rock,hard rock
Classic Hard Rock,1gAeQGQ7hr2q7IYmaejDW6,rock,hard rock
Workout Hard Rock,4TG1lzMD9HFvZ9E1Bk6Gnu,rock,hard rock
Rock Hubspot,5hvf4yL105Rw6cvCP6AMjM,rock,hard rock
HARD ROCK Vibes,28817h8FTrRI4V40DqHVaB,rock,hard rock
New Hard Rock,64BvJcehegyvhqQtV82Ddz,rock,hard rock
Rock Ballads 80s 90s | Best Rock Love Songs 80's 90's Music Hits,0y8MUle9Lf8VDNjPsskzJB,rock,hard rock
70s Hard Rock,6pZlZ20vt3aDjIKw98aBtQ,rock,hard rock
Hard Rock Classics 1967-1991 (Party Edition),1NIX36ZFWEtgXSbSNghoue,rock,hard rock
2000's hard rock,0EmGNFBBgqLmvdQGPbgiMp,rock,hard rock
Tropical House,37i9dQZF1DX0AMssoUKCz7,latin,tropical
Paraiso Tropical,37i9dQZF1DWYey22ryYM8U,latin,tropical
Vibra Tropical,37i9dQZF1DX3fXJqxGjuEP,latin,tropical
Tropical Vibes,37i9dQZF1DX6RA5ZrA5a23,latin,tropical
Tropical Vibes,37i9dQZF1DXd8Gn5cSmvFy,latin,tropical
Punto Tropical,37i9dQZF1DWZ1FUX6sM67g,latin,tropical
Orgulho Tropical,37i9dQZF1DWZ8fJXMbebf9,latin,tropical
Tropical House üèù 2020 Hits,2SRbIs0eBQwHeTP7kErjwo,latin,tropical
Tropical House üå¥,06zrBJ5cts5aemZmqe80J7,latin,tropical
TROPICALüå¥,0TT57Pe3RZNGCy98G1UQpM,latin,tropical
Tropical Rising,37i9dQZF1DX07X8UDWKEwP,latin,tropical
Sunny Beats,37i9dQZF1DXbtuVQL4zoey,latin,tropical
Tropical Nights,37i9dQZF1DX0ES2mnOVvai,latin,tropical
Tropical Beats,37i9dQZF1DX1bDvyV0IkZ3,latin,tropical
Tropical House Remixes üçç Tropical Remixes & Tropical Covers,3YdAwfgQLMS4AN2WjRfRlb,latin,tropical
Tropical House 2020,2oivDYqm1dQK4KbwVJTaf6,latin,tropical
Tropical Morning,0vbtbmyihyvl2MVYrdKdGw,latin,tropical
Para√≠so Tropical,2v41efarffe6iY8qpMK5Gj,latin,tropical
EDM TROPICAL,3pS63EDS40FVGYL41zAcU4,latin,tropical
Tropical House Run 190 BPM,37i9dQZF1DWSTc9FdySHtz,latin,tropical
Latin Pop Classics,37i9dQZF1DX6ThddIjWuGT,latin,latin pop
Latin Pop VIP,37i9dQZF1DX1QnNyJOBQBv,latin,latin pop
Global X,37i9dQZF1DWUxHPh2rEiHr,latin,latin pop
Latin Pop Rising,37i9dQZF1DX8womvTyUjrN,latin,latin pop
LATIN POP 2020 üî• Pop latino actual,2kKzN3kRYDzBctlaWs7CP2,latin,latin pop
MIX LATIN POP¬∞,6IS6XTdbS9qJZgfjNKgpB8,latin,latin pop
This Is Gloria Estefan,37i9dQZF1DXarsfY89zXC6,latin,latin pop
Latin Pop antiguo,4BmnnqWEQAamNoVjtjrQJP,latin,latin pop
Unplugged Hits üì£,5NTm3injIRkUMROsZr3C2O,latin,latin pop
Latin Pop Songs,5uOMV7g6vp8WxoqXfkzKaw,latin,latin pop
F**KIN PERFECT,3CzQZEf6jmEjDmBIVO9rdR,latin,latin pop
Pop Latino 2019 - Mix Canciones Reggaeton & Pop Latino - Pop En Espa√±ol 2019 Musica Para Bailar,5ifDekrUt5lbSIMTSzNNqB,latin,latin pop
2020 Hits & 2019  Hits ‚Äì Top Global Tracks üî•üî•üî•,4JkkvMpVl4lSioqQjeAL0q,latin,latin pop
INDIE POP! TUNES,0HD4Pc1PK8fsyKQq9e2U2v,latin,latin pop
RADIO POP CHARTS,6Hbd65HmEAxTJ3cHZNUz2h,latin,latin pop
LATIN POP- DJ GIAN,2v3I1zS56Y0cNHYsOAiCGV,latin,latin pop
Fiesta Latina Mix üéàüéâüíÉüèªüï∫üèª‚òÄÔ∏èüèñ,2kY6lVc5EcVfI5WNKmPQQG,latin,latin pop
Exitos 2020 - Latin Billboard,0k2IDDkcVyIpIgE6d1woDM,latin,latin pop
Latin Pop 2019,5wONX0lVyQE5XTxqjTUiUd,latin,latin pop
Great Pops,5SO7xYih5w8X5FEpKvU7Rt,latin,latin pop
Baila Reggaeton,37i9dQZF1DWY7IeIP1cdjF,latin,reggaeton
Mansi√≥n Reggaet√≥n,37i9dQZF1DWZjqjZMudx9T,latin,reggaeton
Reggaeton 2020 ‚òÄ,7xWuNevFBmwnFEg6wzdCc7,latin,reggaeton
Reggaeton Classics,37i9dQZF1DX8SfyqmSFDwe,latin,reggaeton
Perreo City,37i9dQZF1DWUlCmB8llCTB,latin,reggaeton
De Fiesta,37i9dQZF1DWVskFRGurTfg,latin,reggaeton
El Ritmo,37i9dQZF1DWVOLXBOylBUZ,latin,reggaeton
¬°Viva Latino!,37i9dQZF1DX10zKzsJ2jva,latin,reggaeton
Reggaeton De Ayer,37i9dQZF1DWWU6Rfto8Ppm,latin,reggaeton
Tusa - Karol G | China - Anuel AA | Estrenos Reggaeton y M√∫sica Urbana 2019,0T47pLnihK4xB8Bk9IQ0Dv,latin,reggaeton
Verano Forever,37i9dQZF1DXdnGF35OawbN,latin,reggaeton
Reggaeton Rewind,37i9dQZF1DXco4ODkIraMD,latin,reggaeton
REGGAETON ANTIGUO üî•,42E6uFhL4e2nXmbmeigwXb,latin,reggaeton
Academia Reggaet√≥n,37i9dQZF1DXd8p9XRfIfUn,latin,reggaeton
REGGAETON VIEJO,31hG19URdBvLEpQWKFYfdD,latin,reggaeton
Todo Reggaeton,4csIMGPI3aGo3Xy7WG8jBi,latin,reggaeton
Reggaeton 2020 üòç üî•,03sDEv7FN58Mb9CJOs1Tgn,latin,reggaeton
Reggaeton viejitoüî•,0si5tw70PIgPkY1Eva6V8f,latin,reggaeton
This Is: Don Omar,37i9dQZF1DWYBUdckfg1va,latin,reggaeton
latin hip hop,3nH8aytdqNeRbcRCg3dw9q,latin,latin hip hop
Latin Hip Hop/Freestyle,2MYEUjX0YAI9dxrBDzoCK7,latin,latin hip hop
Chicano Rap,3o3xRXWMtBMezk0E3wmtGI,latin,latin hip hop
Global Top 50 | 2020 Hits,1KNl4AYfgZtOVm9KHkhPTF,latin,latin hip hop
Latin Village 2019,3JcJCsvBnRsA6oc7eUYDSB,latin,latin hip hop
Urbano: Latino Vibes,0VsVywryrqLhHmsVFVcOAg,latin,latin hip hop
Latest Latin American Hits 2020,51LvliKED7oZNJR8XCiPip,latin,latin hip hop
Latin Hip Hop & Rap Playlist 2019,6hIDPF658AhRbxr8HN7OeA,latin,latin hip hop
Pop 2009-2011,3gV6KQYZKIuoWml0094vx6,latin,latin hip hop
Latin/Hip Hop/Dancehall/Soca,2rg9LCyvaMQvnCE2hVndpR,latin,latin hip hop
80's Freestyle/Disco Dance Party (Set Crossfade to 4-Seconds),1oReEujyWpQv2OX68BVPPA,latin,latin hip hop
Today's Hits 2000-Present,6a66cg3HcsjYkisYyQcov6,latin,latin hip hop
VidaLoca - Latin / Raggaeton / Hip Hop ¬©,7EPbNmUW9nkRplDLSN9te4,latin,latin hip hop
üî•ü¶Å GOOD VIBES ONLY ü¶Åüî• // BROEDERLIEFDE || FRENNA || BROEDERS || HENKIE T  || BIZZEY || POKE \\,1d0fonZHpN4LYHTKbmNRbm,latin,latin hip hop
LATIN FLOW MIX - M√∫sica Cristianaüéµ,396llvvFOIB9jgPg0kqNDb,latin,latin hip hop
"Hot Latino Mix (Latin, Hip Hop, Rap, RnB, Dancehall, Reggeaton, Afro)",3hR2R6szlkwZeGyclTgHcF,latin,latin hip hop
HIP-HOP: Latin Rap ['89-present],5fWgI0IJ1el5NB1sZ0Egsx,latin,latin hip hop
School Dance 2019 (Squeaky Clean),0SqaMfNsngZCpPw0UuelA7,latin,latin hip hop
Los Cangri,2hTs6GuPwhmg4ApNqxWXLE,latin,latin hip hop
New Hip Hop‚Äè‚Äè‚Äã‚Äã   ‚Äç,5WNUX6jisX0NRlVDTm6RDd,r&b,urban contemporary
Contemporary Urban,6wyJ4bsjZaUKa9f6GeZlAO,r&b,urban contemporary
URBAN NATION,4EKXjB5zlv2DpTS84h407H,r&b,urban contemporary
Most Popular 2020 TOP 50,1fqkbjEACMlekdddm5aobE,r&b,urban contemporary
New R&B‚Äè‚Äè‚Äã‚Äã   ‚Äç,4I6rTSxqKl1LRvES2O9owQ,r&b,urban contemporary
Top Urban Underground,4Gc9TFxlqmoe50m9Yy78ei,r&b,urban contemporary
Urban Contemporary,4Pbs84EQbuAblxlp6Chz0d,r&b,urban contemporary
The Sound of Urban Contemporary,07zF8MjQPsiYUXiAIGZ5TA,r&b,urban contemporary
Chixtape 5 - Tory Lanez,0UXwwVDipbBQeEX7h4YuKU,r&b,urban contemporary
urban contemporary,7en9i0JMyJlRFX4r4XrXXx,r&b,urban contemporary
Urban contemporary,1ZlL3IQS8eB0s0RMxz02yD,r&b,urban contemporary
Urban contemporary,0qOJuaqHeg4u1i6gjPKnxE,r&b,urban contemporary
PROJECT: Contemporary,6HaCi9bqaiuSZEDfCEmwyo,r&b,urban contemporary
Urban/Trap - Contemporary RAP,5CK0fshHcik1vWyeCc0zat,r&b,urban contemporary
urban contemporary,4WiB26kw0INKwbzfb5M6Tv,r&b,urban contemporary
urban CONTEMPORARY,1nFfDHtp8RY3obgen8KODl,r&b,urban contemporary
Gospel,0pItJZBDZFvgAOdFnSITnJ,r&b,urban contemporary
Urban Contemporary,4425cRh83Uzor4qCRfM9lb,r&b,urban contemporary
Cuban vibes only,6VWXakL2ojgiVC01I271e2,r&b,urban contemporary
The 1950s/1960s/1970s/1980s/1990s/2000s/2010s with pop/r&b/soul/boogie/dance/jazz/hip hop/hop/rap.,1S7BckuYIkEazeNKOSM0uA,r&b,urban contemporary
Brisa Pop,37i9dQZF1DX2vsux22VuNL,r&b,hip pop
Pop Hits 2020,5TDtuKDbOhrfW7C58XnriZ,r&b,hip pop
Ultimate Indie Presents... Best Tracks of 2019,37i9dQZF1DWTc5QDlvD7t0,r&b,hip pop
Feeling Accomplished,37i9dQZF1DWTDafB3skWPN,r&b,hip pop
Pop / Hip-Hop: Gas ‚õΩÔ∏è,7ccXu2NL5YPa7PVgnQxR1j,r&b,hip pop
Charts 2020 üî•Top 2020üî•Hits 2020üî•Summer 2020üî•Pop 2020üî•Popular Musicüî•Clean Pop 2020üî•Sing Alongs,3xMQTDLOIGvj3lWH5e5x6F,r&b,hip pop
Girl On Fire,37i9dQZF1DX4F2k37fMTyn,r&b,hip pop
Hip pop,1Sc7bobknESH7SXQcnmoX5,r&b,hip pop
Nidza Bleja - English HIP HOP/POP Songs,5XQopnmKZnE6RjR6NIzbPS,r&b,hip pop
90s/00s Hip Hop & RnB,0Ar0Ng9DlAWZtSPBvOQgOa,r&b,hip pop
TOP 50 GLOBAL 2020 UPDATED WEEKLY üåçüé∂ WORLDWIDE,2CJsD3fcYJWcliEKnwmovU,r&b,hip pop
Hip Pop 2019,3tmx4p5RGlOV1AapXOt1Ze,r&b,hip pop
Bluegrass Covers,37i9dQZF1DX56crgoe4TG3,r&b,hip pop
"Latest Hits 2020 - Pop, Hip Hop & RnB",7FqZlaYKkQmVnguJbHuj2a,r&b,hip pop
Musica Italiana 2020 - Playlist Pop & Hip-Hop (Canzoni Italiane 2020),6kVFIQBhLT4003iw2WWEv1,r&b,hip pop
Today's Hits (Clean),7ENISpOJhocpMJVcGb0qcT,r&b,hip pop
Smooth Hip Hop,7ozFIvz1bE1HPgQTUl5qfT,r&b,hip pop
Fresh Essentials,4RFszTXlSMZFgpqIJS3754,r&b,hip pop
New Jack Swing,3ykXidKLz1eYPvuGoFlD1e,r&b,new jack swing
New Jack Swing - 90s R&B fused w Hip Hop,79xd4wnVuKZK4rJMsL2wPa,r&b,new jack swing
New Jack Swing/ R&B Hits: 1987 - 2002,4sji14lrB5bgcr51lPALYH,r&b,new jack swing
90's NEW JACK SWING,0dmInkymNnOTWvEFamSNzb,r&b,new jack swing
"Swingbeat (old skool), New Jack Swing, R&B, Hip Hop, Urban",3krpccUV68nBGAQbvHEZDC,r&b,new jack swing
New Jack City,6RLvj5OnEuPzI1P02KwnzK,r&b,new jack swing
90s R&B - The BET Planet Groove/Midnight Love Mix,7LjRWGUdOmBdPG1W1bga4i,r&b,new jack swing
New Jack Swing | The Best üëå,3m4z6komWDtKly3Q1FvFmN,r&b,new jack swing
Ultimate Throwbacks Collection,1dsaMvnC1hXPCNGC4aVtjj,r&b,new jack swing
"Back in the day - R&B, New Jack Swing, Swingbeat, RNB..etc.",3a9y4eeCJRmG9p4YKfqYIx,r&b,new jack swing
New Jack Swing,4nX6BscFtR1CozSCfv2cuR,r&b,new jack swing
CSR 103:9 (GTA: SA),4sr2xEhXQR5VuZ0LZX8TQ8,r&b,new jack swing
Best of New Jack Swing,63Y9Sk7Twusm6ZNssHxKaa,r&b,new jack swing
New Jack Swing -late 80's & early 90's Hip Hop and R&B,30z5uGyqurJn0NtkZ9e8BT,r&b,new jack swing
The Sound of New Jack Swing,0zn8nuASKC0PISqD9mxCSV,r&b,new jack swing
The New (Jack Swing) Testament,4mciQwEuqaUMwIWKcDMFW0,r&b,new jack swing
80s-90s R&B / New Jack Swing / Funk / Dance / Soul,3X4HmijjKdwwLonCrOOEAZ,r&b,new jack swing
Kenny B's Ultimate New Jack Swing Mix,7bdhfXlbfml9CuNn5c7372,r&b,new jack swing
R&B 80's/90's/00's,2Ey63yNQeC9Yto7JwX9BGJ,r&b,new jack swing
1987-1997 OLD SKOOL JAMZ,0WicovBbxeB0nvQC6IfuaT,r&b,new jack swing
I Love My Neo-Soul,37i9dQZF1DX44dZ4p5QLf4,r&b,neo soul
Neo Soul Music,78RRvktrPMSqAoCI21mNOe,r&b,neo soul
Neo-Soul,1eqVgsNjaX6mxDPoefhocT,r&b,neo soul
Neo-Soul Guitar,0aS9YCNTNrDiMNa9tT49RG,r&b,neo soul
NEO SOUL GUITAR,0r5ojPhjqGVq21oQR13UJy,r&b,neo soul
Neo Soul / Modern Jazz / Smooth Hiphop,07SNJ4MwYba9wwmzrbjmYi,r&b,neo soul
NEO-soul,3q3M4VCymcMoxJ3Tl7mRqN,r&b,neo soul
Groovy // Funky // Neo-Soul,0JmBB9HfrzDiZoPVRdv8ns,r&b,neo soul
Christmas Soul,6FZYc2BvF7tColxO8PBShV,r&b,neo soul
Neo-Soul / Soulful R&B,4F3xAxHxeBwXhK6k6GPnrW,r&b,neo soul
Neo Soul 2019,44d7ppo4cggZJmzH2WOhAc,r&b,neo soul
NEO FUNK AND SOUL,2WbTrS5D0V2TW6DiDkJBru,r&b,neo soul
Neo Soul,2YPP7fiYu5pIcp2yyHvw4A,r&b,neo soul
Saxophone in Hip Hop - R&B Lounge - Jazz Rap,2ujrP2rPxu8ao7wNeG1ZOY,r&b,neo soul
Japanese Funk/Soul/NEO/Jazz/Acid,4zNayWuATXCAA9gaXvnFnq,r&b,neo soul
Neo-Jazz Soul RnB & Afro,48AzM7l4M02DBYd2N3IFLP,r&b,neo soul
Gospel Neo Soul,2wP2UAYC4Nqb6oUXkMJlAz,r&b,neo soul
Soul Coffee (The Best Neo-Soul Mixtape ever),16iNEskDatG5KbDV16F6LR,r&b,neo soul
Neo-Soul Essentials,0DIwi1dMI59NItQtiNcevy,r&b,neo soul
Sexy Soul 2020,5EMARioe9z9eKOeWIAC2JW,r&b,neo soul
Electro House 2020,317O0e8iWJLClLGDKtieRe,edm,electro house
Electro House Top Tracks,1G0q0NK7g3C0XerNqq7GbL,edm,electro house
Nasty Bits,37i9dQZF1DX2VvACCrgjrt,edm,electro house
Electro Pos√© - Discoveries,6nZaTh6K1SwhdELFTmA99C,edm,electro house
Techno House 2020 üëΩ Best Collection üëª Top DJ‚Äôs Electronic Music - Deep House - Trance - Tech House - Dance - Electro Pop,3QEYvCsVXZj8KuzE0bDmcI,edm,electro house
EDM 2020 House & Dance,25ButZrVb1Zj1MJioMs09D,edm,electro house
Electro Vibes,0wHHL0TLztL3muzXLCDTQP,edm,electro house
Electro Swing Top 100,5M7xLCQTYJL0lbKIrUn3a4,edm,electro house
Electro Swing,3Dr4NKbsFQ2m7tmPxGRroO,edm,electro house
Electro House,6k45gxiQhfVqACfIdqONsC,edm,electro house
ELECTRO HOUSE 2020,1N5dPU0Ca9N9AwBbUeyzX5,edm,electro house
New House   ‚Äç,54XvQQsViMBwjO1ws2o2wx,edm,electro house
Jeff Seid Electro House,2Tisn6NZbeofpc57Oc6MGo,edm,electro house
Crossfit‚Äè‚Äè‚Äã‚Äã   ‚Äç,5GiPRvTccToqwOzkoAcDrY,edm,electro house
Electro House - by Spinnin' Records,4pVZ70y8vzzkn2GVwQbQw8,edm,electro house
üíäELECTRO-HOUSE-TECHüíä,0AFYmoSuoMQiGGjzvBwr6u,edm,electro house
Fitness Workout Electro | House | Dance | Progressive House,6KnQDwp0syvhfHOR4lWP7x,edm,electro house
Club Mix 2020 üçπ,7sq6nuruoMyDhEWkX2oYOg,edm,electro house
House Electro 2019,72r6odw0Q3OWTCYMGA7Yiy,edm,electro house
üîäBASSBOOSTEDüîä‚ö°ELECTRO HOUSE‚ö°üî•EDM CAR MUSIC2018/2019üî•,4GSiiL8tcMgvoV7K1IADb8,edm,electro house
Big Room EDM,3S03NWbWkrR1e7DPH9rf9Z,edm,big room
Big Room Beast,3PNyCpkY7NAXyhopBpj7vc,edm,big room
Big Room House | Festival Bangers,5Bx5niVgi3qGQQw06C0RKq,edm,big room
PAROOKAVILLE - Big Room,6vbHQdtfmexb0ptmBSpemm,edm,big room
Big Room House / Bigroom,2EnVd4ugXUybVQoQrarICY,edm,big room
Big Room EDM - by Spinnin' Records,7xWdFCrU5Gka6qp1ODrSdK,edm,big room
BIG-ROOM NEVER DIES !,4QtO2XySphMOJt7pX0yaVi,edm,big room
Dancefloor Beats,6mMk6QCzEgT3QGaCV1R4S5,edm,big room
Bounce United,08QTrfsYYouffgnPjmllAQ,edm,big room
Locker Room,37i9dQZF1DX8SaiEt4OVJw,edm,big room
Sick Big Room House Drops | EZUMI,4R4c3WdN1Any2Q1NSuec3r,edm,big room
big boom room ‚Äî TOMORROWLAND EDC EDM BIG ROOM AMF ADE DANCE TRANCE HARDWELL TIESTO,2oalsaFUockoPf1DU3wrL8,edm,big room
Trance Party 2019 by FUTURE TRANCE,2yofeyPwe0ZNmJHTrGz2Qt,edm,big room
SINULOG Festival 2020,0COM4nZqdXC3sMjVdcaU7V,edm,big room
[EAS]: Festival Big Room,71UHE27ayQs8ZDxQwY0cY1,edm,big room
Big White Room-Jessie-J,5FhhmunkvwTAsGaiXpRHkJ,edm,big room
Big Room House,7vJOXFe40axY7qS39vGDyH,edm,big room
ALPAS Music Festival,6pPpLz42hUkr8gbMirkAEl,edm,big room
Epic Bass Drops,49EXQVXh5k1t8SOhmUeyU7,edm,big room
Big Room 2019,6SrHyxIxWfQx9ISEr6yowk,edm,big room
@deniceemoberg EDM - POP REMIXES,2fbrY1tuoW8Uji14H7623k,edm,pop edm
EDM House & Dance,5CTzufLc0f6MufjKYrIaoO,edm,pop edm
Pop EDM Remixes,4aUEH3uhbofktrFkXOOaKj,edm,pop edm
EDM 2019,1T0ed6Mg0QIruHvcoWWIKy,edm,pop edm
Waves Pop and EDM,64k01l4j6QtnZ8jMaI84AA,edm,pop edm
Pop Hits 2000-2019,6mtYuOxzl58vSGnEDtZ9uB,edm,pop edm
EDM - pop remixes,0cvVad4XizGbOS0vlwZYS5,edm,pop edm
Ver√£o 2020 | Pop | Funk | Sertanejo | EDM | Top Hits 2019 - As Mais Tocadas,5HmZtuuIDMtIy21kylqhx6,edm,pop edm
2010 - 2011 - 2012 - 2013 - 2014 - 2015 - 2016 - 2017 - 2018 - 2019 - 2020 TOP HITS,2DjIfVDXGYDgRxw7IJTKVb,edm,pop edm
K-Crazy Michioso Tunes,37i9dQZF1DWUXxc8Mc6MmJ,edm,pop edm
EDM Trap,7CEEEMKV41x0RlFCXWdvKF,edm,pop edm
2015 songs,6UJw1egIcZVfrBmcKs5uHH,edm,pop edm
Pop EDM,5EgzhnSirHRvu1AqlFLllv,edm,pop edm
Tastemakers Ball  -  EDM - POP and FUN,67cpuBAXjwibm3LG333Oaq,edm,pop edm
EDM Pop,2d3oOPO0csDU40JyiGwFaF,edm,pop edm
Happy EDM,3d2JFEbvcx7p2CHkBaQeMZ,edm,pop edm
EDM/POP,6gHk5RFrnALbDNJdaXKivi,edm,pop edm
Selected House,2JPzPB9jnvJLAYtmCbvZy8,edm,progressive electro house
Deep Electronic Music 2020 & Progressive House,5CMvAWTlDPdZnkleiTHyyo,edm,progressive electro house
Female Vocal EDM,5QaPRbVgbEcCc9jC1UxgD1,edm,progressive electro house
Vocal House,5PCAWKfUWAUj8VeY8G7xRQ,edm,progressive electro house
Hands Up‚Äè‚Äè‚Äã‚Äã   ‚Äç,1lSdljPk8zcAdXVMUduDia,edm,progressive electro house
House/Electro/Progressive/Disco/Lofi/Synthwave,42jbIN5Zj0UUPdtmqxQRKF,edm,progressive electro house
Alex Workout,7fRlDx99wBg6i45OCvxwKY,edm,progressive electro house
2011-2014 House,53Ga3Xt9fumdJfhNNSBvzU,edm,progressive electro house
Electro/Progressive/Club House,1HtnPDj2V126xB9tJP786P,edm,progressive electro house
CHRISTIAN ELECTRO / DANCE / EDM,0MhTMIo1bgH6zzPh7BdChT,edm,progressive electro house
Epic Bass Drops | Best House Mixes,4IS7o1utOzhimFEFnj9gmu,edm,progressive electro house
Brand New EDM,2dNitDEHM9FpUGEHWc7zyW,edm,progressive electro house
"Electr√≥nica, Progressive House, Electro House y m√°s üéß",0o5gKmuET7F3lQnpFxvPO8,edm,progressive electro house
Gym (Melbourne Bounce/Progressive House),5BqOZpVEqRDfZScvW1QUyA,edm,progressive electro house
Fresh EDM | Progressive House | Electro House | Trap | Deep House | Electronic | Future House/Bass,0FCHg9zJMNNiOokh3hVcxd,edm,progressive electro house
"Festival Music 2019 - Warm Up Music (EDM, Big Room & Progressive House)",73uj4YmsC7SJ6SbUMTvf07,edm,progressive electro house
Underground Party | Hypnotic | Minimal | Acid | Big Room | Tech | Liquid,29jj7pQlDqnWclbHQk21Rq,edm,progressive electro house
Trending EDM by Nik Cooper,4N1ipiKR3xla8UXtE12XBm,edm,progressive electro house
‚ô• EDM LOVE 2020,6jI1gFr6ANFtT8MmTvA2Ux,edm,progressive electro house
